{
    "type": "origins:invulnerability",
    "name": "Hotland Sucked",
    "description": "You dislike the warm, after being chased through Hotland. (+25% Damage from Fire)",
    "condition": {
        "type": "origins:block_in_radius",
        "inverted": false,
        "radius": 1,
        "shape": "cube",
        "comparison": "==",
        "compare_to": 1,
        "block_condition": {
            "type": "origins:block",
            "inverted": false,
            "block": "minecraft:fire"
        }
    },
    "damage_condition": {
        "value": false,
        "type": "origins:constant",
        "inverted": false
    }
}